Sample,Hashtag,Barcode Sequence,PCR Handle,Capture Sequence
RFa18,Hashtag 2,TGATGGCCTATTGGG,CGGAGATGTGTATAAGAGACAGNNNNNNNNNN,NNNNNNNNNCCCATATAAGA*A*A
RGo17,Hashtag 1,GTCAACTCTTTAGCG,CGGAGATGTGTATAAGAGACAGNNNNNNNNNN ,NNNNNNNNNCCCATATAAGA*A*A
RAc18,Hashtag 2,TGATGGCCTATTGGG,CGGAGATGTGTATAAGAGACAGNNNNNNNNNN,NNNNNNNNNCCCATATAAGA*A*A
RBc18,Hashtag 3,TTCCGCCTCTCTTTG,CGGAGATGTGTATAAGAGACAGNNNNNNNNNN,NNNNNNNNNCCCATATAAGA*A*A
RMt17,Hashtag 1,GTCAACTCTTTAGCG,CGGAGATGTGTATAAGAGACAGNNNNNNNNNN ,NNNNNNNNNCCCATATAAGA*A*A
RUd18,Hashtag 3,TTCCGCCTCTCTTTG,CGGAGATGTGTATAAGAGACAGNNNNNNNNNN,NNNNNNNNNCCCATATAAGA*A*A
RQf18,Hashtag 2,TGATGGCCTATTGGG,CGGAGATGTGTATAAGAGACAGNNNNNNNNNN,NNNNNNNNNCCCATATAAGA*A*A
RMf18,Hashtag 4,AGTAAGTTCAGCGTA,CGGAGATGTGTATAAGAGACAGNNNNNNNNNN,NNNNNNNNNCCCATATAAGA*A*A
RBb18,Hashtag 4,AGTAAGTTCAGCGTA,CGGAGATGTGTATAAGAGACAGNNNNNNNNNN,NNNNNNNNNCCCATATAAGA*A*A
RPv17,Hashtag 5,AAGTATCGTTTCGCA,CGGAGATGTGTATAAGAGACAGNNNNNNNNNN,NNNNNNNNNCCCATATAAGA*A*A
REb18,Hashtag 5,AAGTATCGTTTCGCA,CGGAGATGTGTATAAGAGACAGNNNNNNNNNN,NNNNNNNNNCCCATATAAGA*A*A
RGe17,Hashtag 4,AGTAAGTTCAGCGTA,CGGAGATGTGTATAAGAGACAGNNNNNNNNNN,NNNNNNNNNCCCATATAAGA*A*A
